Domain term,Index term,Doc frequency,Collection frequency
crop,crop,29,1346
management,management,26,948
planting,plant,26,1634
weed,weed,25,814
soil,soil,25,992
control,control,24,1110
disease,disease,23,674
seed,seed,23,877
pest,pest,23,1396
application,application,22,470
nutrient,nutrient,20,126
insect,insect,20,669
harvest,harvest,19,325
cultivation,cultivation,19,210
organic,organic,18,137
pesticide,pesticide,18,529
treatment,treatment,18,267
rice,rice,17,1611
spray,spray,17,280
irrigation,irrigation,17,169
sowing,sow,17,142
fertilizer,fertilizer,17,264
integrated,integrate,16,343
temperature,temperature,16,237
chemical,chemical,14,228
ipm,ipm,14,325
nitrogen,nitrogen,14,179
biological,biological,14,159
bacterial,bacterial,13,61
wheat,wheat,13,2336
ha,ha,13,266
herbicide,herbicide,13,295
weather,weather,13,71
nematode,nematode,12,137
cultivate,cultivate,12,52
carrot,carrot,11,502
fungal,fungal,11,75
fungus,fungus,11,51
aphid,aphid,11,321
insecticide,insecticide,11,329
infection,infection,10,83
blight,blight,10,95
borer,borer,9,187
hectare,hectare,9,32
kg,kg,9,69
rust,rust,9,129
rainfall,rainfall,9,56
pathogen,pathogen,9,97
monitoring,monitoring,9,77
dose,dose,9,48
potassium,potassium,8,33
rot,rot,8,87
fertilization,fertilization,8,89
humidity,humidity,8,55
fungicide,fungicide,8,168
phosphorus,phosphorus,8,28
paddy,paddy,7,70
wilt,wilt,7,19
mg,mg,7,19
dosage,dosage,7,20
g,g,7,239
compost,compost,6,16
transplanting,transplant,6,106
caterpillar,caterpillar,6,44
biocontrol,biocontrol,5,20
liter,liter,4,38
acre,acre,4,81
ml,ml,4,19
litre,litre,3,11
biopesticides,biopesticides,2,2
nematicide,nematicide,1,1
